id,评论ID,抖音号,评论内容,评论时间,评论获赞数,评论回复数,性别,年龄,地区,获赞数,关注数,粉丝数,作品数,动态数,粉丝数
1,糖73,842005409,世界上只有同类才能做朋友，志不同道不合的人往往只能在某个猎奇的时间段里做一阵开心的同伴。被时间的洪水淘过，最终仍然堆在一起的，一定是同样材质的石头,2020-04-17 22:14:50,65,3,,,,,,,,,
2,柒柒.,1023116066,室友是随机分配的，朋友是精挑细选的[灵机一动],2020-04-14 23:59:43,225,4,,,,,,,,,
3,Mr.seven,100697170,其实没必要刻意的去交朋友 朋友这个东西本来就是水到渠成的 我觉得如果没有遇到贴心的朋友 和孤独友好的相处也挺好的,2020-04-14 23:11:26,146,1,,,,,,,,,
4,对方正在输入…,380835317,你总会等到一份属于自己的偏爱 ，不论是友情爱情或者亲情,2020-04-14 20:53:42,293,4,,,,,,,,,
5,娜娜娜娜娜娜,795391291,@添福宝的大宝贝 @,2020-04-21 12:36:26,0,0,,,,,,,,,
6,小清新。,3520200329,@清欢 @记得笑. @7878787878,2020-04-21 12:29:50,0,0,,,,,,,,,
7,一见如故,1762536997,道不同不相为谋，圈子不同，不要硬融，做自己多好，总会吸引相同的人[调皮][调皮][调皮],2020-04-21 12:27:53,0,0,,,,,,,,,
8,B95R,391721350,同感,2020-04-21 12:13:05,0,0,,,,,,,,,
9,星移,1118292758,那些曲终却未散的人 一定要好好珍惜[爱心],2020-04-20 22:16:33,0,0,,,,,,,,,
10,萧,1049733876,@吃一个安定 我的宝贝朋友～,2020-04-20 22:16:09,0,1,,,,,,,,,
11,江君君君君君君,2310135557,姐姐长的有点像八月长安,2020-04-20 19:56:43,1,0,,,,,,,,,
12,旖旎,1117812779,不想开学啊啊啊！,2020-04-20 19:41:17,0,0,,,,,,,,,
13,烊羊吖79,728921732,@mi manchi78,2020-04-20 19:02:08,0,0,,,,,,,,,
14,墨沐宸,903743729,@喻,2020-04-20 17:48:35,1,0,,,,,,,,,
15,Fived 先森,173832476,男生基本都可以,2020-04-20 13:25:38,0,0,,,,,,,,,
16,$,778344559,舍友就是舍友，不可能是朋友！而朋友可以是舍友,2020-04-20 04:39:26,2,1,,,,,,,,,
17,罂娑,1478423872,我的舍友都很好，大二分宿舍，我们都选择还在一起，刚刚我们还在群里聊天[愉快],2020-04-20 04:27:41,0,0,,,,,,,,,
18,星辰博肖,389209627,宿舍只是一个睡觉的地方。,2020-04-19 23:31:38,1,0,,,,,,,,,
19,LEl,3562754551,我觉得看内心的感觉吧，不必勉强。虽然我们宿舍也会基本发有趣的东西没人回，感兴趣才搭理，但我们都知道是因为大家懒哈哈，相处很舒服。朋友不是看聊的多少而是相处的时候自己的状态，比如可以纵容你的懒[捂脸],2020-04-19 23:05:24,5,0,,,,,,,,,
20,学不下去想蒋丞,64131978,@Dylan,2020-04-19 22:35:02,1,0,,,,,,,,,
21,青柠06,357138586,晚安，姐姐,2020-04-19 22:34:55,0,0,,,,,,,,,
22,language,2254144434,可以啊 我就有一个[呲牙][呲牙],2020-04-19 22:24:33,1,0,,,,,,,,,
23,,1126799480,@：世界上只有同类才能做朋友，志不同道不合的人往往只能在某个猎奇的时间段里做一阵开心的同伴。被时间的洪水淘过，最终仍然堆在一起的，一定是同样材质的小石头,2020-04-19 20:21:27,0,0,,,,,,,,,
24,whisper,3445496857,我高中就是这样的,2020-04-19 19:42:21,1,0,,,,,,,,,
25,可苦可乐,1942042843,是的，我大学并不开心,2020-04-19 19:29:51,4,0,,,,,,,,,
26,网络音乐推荐,957150598,谢谢大家的支持,2020-04-19 19:19:39,0,0,,,,,,,,,
27,FIEE,1181201896,可能性格不和吧，没关系自己做好该做的,2020-04-19 18:17:11,0,2,,,,,,,,,
28,烟光流瞳,3543190704,"你的面前没有海
潮起潮落因为心95",2020-04-19 18:05:18,2,0,,,,,,,,,
29,未了,1134740403,珍惜生命中遇到的每一个人，善待我的人我倍感珍惜，不喜欢我的人无须迎合。因为每个人都是自己的人生的主角，何须委屈自己。[比心],2020-04-19 17:41:30,2,1,,,,,,,,,
30,Y今天下雨了嘛,1869525047,我这儿为啥听不到声音[呆无辜],2020-04-19 17:10:24,0,2,,,,,,,,,
31,牛奶  。,2318842650,@92小雪球,2020-04-19 15:56:39,1,1,,,,,,,,,
32,小峰峰99,1457411370,@猫丞丞93,2020-04-19 15:49:37,0,1,,,,,,,,,
33,夏不摘樱桃.,197690723,@盛夏很甜. 室友是室友 朋友是朋友,2020-04-19 15:24:28,2,0,,,,,,,,,
34,白小白,3042507668,三个人总有一个人是多余的[皱眉][皱眉],2020-04-19 15:10:15,5,1,,,,,,,,,
35,丹,1106618720,太对了，真的觉得朋友跟我好像，是一样的人,2020-04-19 15:04:11,0,0,,,,,,,,,
36,小易对象,2932255341,@better,2020-04-19 14:40:56,0,0,,,,,,,,,
37,小易对象,2932255341,@不李你了,2020-04-19 14:40:50,0,0,,,,,,,,,
38,池鱼思故渊,2970215606,@Ly.,2020-04-19 14:25:07,0,0,,,,,,,,,
39,Tong,3414874782,@Jenny [玫瑰],2020-04-19 14:08:34,1,0,,,,,,,,,
40,G.,32221314,@王.,2020-04-19 13:17:06,0,1,,,,,,,,,
41,用户404510418737,3411240779,你总会等到一份属于自己的偏爱 ，不论是友情爱情或者亲情,2020-04-19 12:36:40,0,1,,,,,,,,,
42,生逐夏花,3450742353,@小圆 看到这，我就想到了我两,2020-04-19 07:31:38,1,2,,,,,,,,,
43,瘾&,3437350514,@失态 @上官楷儿 [灵机一动],2020-04-18 23:41:33,1,0,,,,,,,,,
44,长庚星,354158954,你说的对,2020-04-18 23:15:49,0,0,,,,,,,,,
45,37.2°,697681510,@17966399,2020-04-18 22:05:21,0,0,,,,,,,,,
46,=^_^=,290255195,@小陈小陈满眼星辰78 同类型的小石头,2020-04-18 20:05:36,0,1,,,,,,,,,
47,77,331160272,@博闻 咱俩,2020-04-18 15:20:22,0,0,,,,,,,,,
48,初夏清浅,2373721267,我室友都很好，我害怕开学换宿舍[流泪],2020-04-18 14:55:59,3,0,,,,,,,,,
49,点点头,3539185592,当然能，我和我的大学舍友就很好,2020-04-18 13:00:05,2,0,,,,,,,,,
50,*薄荷☆少女,1123943864,说的对[捂脸][赞],2020-04-18 11:57:10,1,0,,,,,,,,,
51,撄宁,597743235,@Sun. 听多了怪吓人的[捂脸]还没遇到过,2020-04-18 11:39:20,0,1,,,,,,,,,
52,吃可爱多长大的,2850424334,@林七90 我去,2020-04-18 09:51:19,0,1,,,,,,,,,
53,我再说一遍,1005226483,@望仔 堆在一起的小石头啊，我希望时间的洪流不要把我们冲散，哪怕在途中,2020-04-18 09:50:43,0,0,,,,,,,,,
54,明月皆可遇,2255884274,@idjhs,2020-04-18 09:50:06,0,1,,,,,,,,,
55,华少,2975308999,如果没找到朋友，那就直面孤独！,2020-04-18 09:32:47,3,4,,,,,,,,,
56,粉了一家子,726996240,@木土土,2020-04-18 09:25:58,0,1,,,,,,,,,
57,熏风出入弦,2973790085,@咩~没有名字,2020-04-18 09:09:43,1,0,,,,,,,,,
58,啦啦,592524320,@筑小宁,2020-04-18 08:47:57,0,1,,,,,,,,,
59,Reseda,3528307749,@栖,2020-04-18 07:33:19,0,2,,,,,,,,,
60,Adieu,1071999391,男生宿舍不存在这种情况。,2020-04-17 23:24:16,2,1,,,,,,,,,
61,淡,593584878,大学里这种情况是难免的。,2020-04-17 22:53:41,0,0,,,,,,,,,
62,普林希,169184994,@没有心的棉花糖a @一个乐,2020-04-17 22:15:12,0,0,,,,,,,,,
63,良木,2790847998,同类,2020-04-17 20:40:42,0,0,,,,,,,,,
64,王焕 78,22397712,@山山而川,2020-04-17 20:36:54,0,0,,,,,,,,,
65,Fairy,83184461,@甜甜的童话 看看看,2020-04-17 20:23:45,1,0,,,,,,,,,
66,氵薇彡,2950283603,@明仇.,2020-04-17 20:19:12,0,1,,,,,,,,,
67,曼曼慢慢95,1044225134,@酱紫93 好好看看,2020-04-17 19:22:41,0,1,,,,,,,,,
68,.,60532267,@昕昕 @小邢同学 @小吴阿姨 友友们好[玫瑰][玫瑰][玫瑰][比心][比心][比心][嘴唇][嘴唇][爱心],2020-04-17 19:20:12,3,2,,,,,,,,,
69,我家大男孩,2829588464,没有人回应 真的就会慢慢不说话了,2020-04-17 19:07:59,0,0,,,,,,,,,
70,哈哈哈吃胖了,206651666,太喜欢《你好，旧时光》，很喜欢八月长安的风格。[赞],2020-04-17 18:58:10,3,1,,,,,,,,,
71,射手94女孩,2349440717,世界那么大，不要局限,2020-04-17 18:39:32,1,0,,,,,,,,,
72,啊哈哈,1002460843,@2177946379 [思考],2020-04-17 18:38:30,1,0,,,,,,,,,
73,彼岸花开,983480465,Nice,2020-04-17 16:56:44,0,0,,,,,,,,,
74,@周憨憨,2815151543,真实,2020-04-17 16:44:11,1,0,,,,,,,,,
75,肖恩,386288182,志不相投，不必强合。,2020-04-17 16:36:39,5,0,,,,,,,,,
76,墨,25282887,@自渡 康康,2020-04-17 16:17:31,0,0,,,,,,,,,
77,夜灵,343769555,原来我是被筛走的那一批,2020-04-17 16:04:15,0,0,,,,,,,,,
78,pineapple,1139908326,@将暮未暮 @莎瓦迪卡 当然可以啦,2020-04-17 14:59:33,1,0,,,,,,,,,
79,苏沂,1128920146,真的是，同类才有话说，才有痛苦可以分享。不然就跟对牛弹琴一样,2020-04-17 13:42:05,1,0,,,,,,,,,
80,念青,886613846,@曹&偌,2020-04-17 12:42:54,1,0,,,,,,,,,
81,LXZ,1002745642,@9478,2020-04-17 11:44:59,2,0,,,,,,,,,
82,悦读天下好书,3016518210,有缘千里来相会[看],2020-04-17 11:23:10,2,0,,,,,,,,,
83,ヤ潦草青春g,88555347,@我是张半仙03,2020-04-17 07:48:20,2,0,,,,,,,,,
84,52赫兹,1800840103,室友就算了吧,2020-04-17 07:13:26,2,0,,,,,,,,,
85,Bamboo,2831618414,大学的时候，寝室的，隔壁寝室的，对面寝室的，都是好基友，即使当时可能有些矛盾，毕业后，当我们再次见面，一定是熟悉，而喜悦,2020-04-17 00:40:09,4,0,,,,,,,,,
86,宋,956970545,可以有der,2020-04-16 23:57:56,2,0,,,,,,,,,
87,沙发土豆^_^,1545019094,@leego [耶][耶]朋友是自己选择的家人,2020-04-16 23:08:38,1,0,,,,,,,,,
88,90小风波,333628608,@贝壳女孩 如果我的室友是清北复交名流985 学都可以不上，但是没有如果,2020-04-16 22:31:33,1,1,,,,,,,,,
89,弦子和乐乐77,1097380010,我觉得有时一个人也挺好的，虽然孤独,2020-04-16 22:01:48,4,1,,,,,,,,,
90,黑咖啡呀～,1292104484,没必要说必须和室友做朋友，除了宿舍之外，还有更广的天地。别人能和你成为朋友，不是因为她是你的室友，而是因为你们志同道合,2020-04-16 21:08:31,2,0,,,,,,,,,
91,魔鬼,3440324133,女生处的好是《欢乐颂》处不好那就是《甄执》[微笑],2020-04-16 21:01:19,28,0,,,,,,,,,
92,樱桃小丸子96,2065749715,@中分哥哥,2020-04-16 19:51:10,2,2,,,,,,,,,
93,是战战呀77,1124498038,不@你了，即使不在一起，我想我们某一天在一个转角遇见，我肯定很高兴，即使[泣不成声]我们已经多年未见,2020-04-16 19:44:26,2,1,,,,,,,,,
94,胡蝶,1992160457,高中就这样了,2020-04-16 18:45:41,2,0,,,,,,,,,
95,仙女味的猫,58774714,你不能选择你的室友，但是你可以选择自己的朋友和社交圈,2020-04-16 18:35:22,1,0,,,,,,,,,
96,汐诺在努力呀,1887602413,@毅拧,2020-04-16 18:31:59,1,0,,,,,,,,,
97,Cinderalle92,628038033,大学毕业快一年了，群里依然热闹，我们几乎天天说话，没有回复也不会尴尬[调皮],2020-04-16 18:17:06,3,0,,,,,,,,,
98,一只猫九块钱。,131006529,@快快乐乐的小笨蛋 [震惊],2020-04-16 18:10:00,1,0,,,,,,,,,
99,阿闪的小棉袄,1655876377,哇哦，太棒了[鼓掌][鼓掌]又购一本精神粮食[鼓掌],2020-04-16 17:09:26,2,0,,,,,,,,,
100,安俊森的亦辰呀,2003427933,我私信你了,2020-04-16 16:21:44,2,0,,,,,,,,,
101,彦之有,1788429999,世界上只有同类才能做朋友，志不同道不合的人往往只能在某个猎奇的时间段里做一阵开心的同伴。被时间的洪水淘过，最终仍然堆在一起的，一定是同样材质的石头,2020-04-16 14:58:23,13,0,,,,,,,,,
102,小苹果是驴,2988767379,@巴拉巴拉biu @是翟翟呀 @瑶瑶 @圆宵 遇到一群沙雕？所都能合得来？,2020-04-16 14:40:39,1,0,,,,,,,,,
103,失之莫离,83632905,关注你很久，很喜欢你说的话,2020-04-16 14:36:24,2,0,,,,,,,,,
104,YaQGuaiG,2103568472,@Danri 在我们宿舍 不回应就被打一顿,2020-04-16 12:22:45,1,2,,,,,,,,,
105,小姐姐 海玲,215008318,喜欢你的视频,2020-04-16 08:57:15,2,0,,,,,,,,,
106,一指流沙,1825701765,从高中到大学，一个宿舍，都是朋友舍友，[大笑],2020-04-16 08:27:17,2,0,,,,,,,,,
107,柠萌初水,2170405950,姐姐好优雅啊[呲牙],2020-04-16 07:55:57,3,0,,,,,,,,,
108,且行且珍惜。,58285207,行有不得反求诸己,2020-04-16 07:21:34,1,1,,,,,,,,,
109,猫腻,91633771,@归安,2020-04-16 03:34:07,1,0,,,,,,,,,
110,9673737373玉兔91,110171889,对头,2020-04-16 00:14:38,1,0,,,,,,,,,
111,416,1157153140,@（ ’ - ’ * ) 我希望你不会这样，因为你也是我精挑细选的[送心],2020-04-16 00:07:35,2,0,,,,,,,,,
112,冰.,154984911,@皮皮 @心语 @李小95 @淼淼姐[皱眉][皱眉][皱眉]像我们这样的果然很少,2020-04-15 23:48:34,0,0,,,,,,,,,
113,丹丹.,1188948040,@满月 说的真好,2020-04-15 23:31:27,1,0,,,,,,,,,
114,追剧小姐姐95,2969496358,有时候室友只是住在一起的人 [玫瑰][玫瑰][玫瑰][玫瑰],2020-04-15 23:10:22,2,0,,,,,,,,,
115,橘浅,3536327736,@咔次咔次,2020-04-15 22:44:55,1,1,,,,,,,,,
116,艺轩小可爱,326038633,@再遇见,2020-04-15 22:38:09,0,0,,,,,,,,,
117,几勺奶酪_,156815607,@Echo,2020-04-15 22:36:46,0,1,,,,,,,,,
118,月亮与六便士,987569179,@五毛李美 还好跟你建立了,2020-04-15 22:34:08,0,1,,,,,,,,,
119,陈情0--0,1897696403,说的真好，谢谢你,2020-04-15 22:33:53,4,0,,,,,,,,,
120,魏长泽,2310838737,我和我四个儿子基本上没什么隔阂,2020-04-15 22:10:26,1,0,,,,,,,,,
121,书晗,3490549854,好喜欢八月长安,2020-04-15 21:39:39,1,0,,,,,,,,,
122,九良的正房夫人,2316900598,@_初见 世界这么大，我们就是同类[灵机一动],2020-04-15 21:11:35,0,0,,,,,,,,,
123,孤酒浪子d72,1158189201,好喜欢你啊,2020-04-15 21:04:01,2,0,,,,,,,,,
124,凡人,1221253984,[666],2020-04-15 20:55:03,0,0,,,,,,,,,
125,简单,1756314218,@_愿意吃香菜 同类的人，精挑细选的朋友[爱心],2020-04-15 20:39:04,0,1,,,,,,,,,
126,故梦,3003454601,被忽略的感觉是真的不太好[捂脸]，但无所谓啦，调整心态,2020-04-15 20:16:29,1,1,,,,,,,,,
127,c,667099657,@野,2020-04-15 20:14:38,1,1,,,,,,,,,
128,村子的猫,1386975087,这本书已经出电视剧了，但是我还是想看看原著,2020-04-15 20:06:53,1,0,,,,,,,,,
129,俺就是虎,203598675,@Tiamo 你就是我的石头[抠鼻],2020-04-15 20:05:11,0,3,,,,,,,,,
130,wxllll,3418123940,可以，我和我的舍友关系贼好[灵机一动],2020-04-15 20:01:21,0,0,,,,,,,,,
131,乖一点就抱你,1041831242,是啊，外面的天地那么大,2020-04-15 19:55:24,0,0,,,,,,,,,
132,不被需要,2356618403,我高中宿舍我都不想进，我烦死我的室友，我想他们可能不喜欢我。我知道，我什么都知道。,2020-04-15 19:54:58,0,0,,,,,,,,,
133,肖战快找女朋友，赶紧的,2367925249,《你好，旧时光》真的是宝藏书籍，高中三年每次撑不住了就拿出来看一下，很写实，八月长安的文字总是那么扎心又到位[泣不成声][泣不成声][泣不成声],2020-04-15 19:51:04,9,1,,,,,,,,,
134,洛瑞兮,628183870,可以的，大学舍友，毕业三年，今天过来陪她化妆，明天她结婚[爱心],2020-04-15 19:38:48,2,0,,,,,,,,,
135,路柠w,104249042,@橙橙橙橙橙 很开心我们既是室友又是朋友[鼓掌][鼓掌][玫瑰],2020-04-15 19:06:58,0,1,,,,,,,,,
136,不见山岳,2344956149,@周鹤,2020-04-15 19:03:07,0,0,,,,,,,,,
137,Belinda.94,1160690309,@是93呀 对,2020-04-15 18:52:35,1,3,,,,,,,,,
138,L安,1753861051,曾经最熟悉的人，往往到最后都要装成比陌生人还要陌生,2020-04-15 18:51:52,12,0,,,,,,,,,
139,齐儿姐,3429967348,想看《最好的我们》,2020-04-15 18:49:40,0,0,,,,,,,,,
140,虚颜,2360034078,不是所有人都能成为朋友，我列表里的人不多，两只手可以数的过来，但都是可靠的朋友。,2020-04-15 18:45:13,0,0,,,,,,,,,
141,冰棍儿,84479168,运气好处的好，就是小时代，处不好，就是甄执,2020-04-15 18:15:28,6,0,,,,,,,,,
142,Yu.妤,2315641814,@talent talent欣亭,2020-04-15 18:12:08,0,2,,,,,,,,,
143,小精作业写完了吗,2820436639,@红歌坊远lady 细选,2020-04-15 18:10:13,4,0,,,,,,,,,
144,小精作业写完了吗,2820436639,@Emmmmmmm 精挑,2020-04-15 18:09:57,0,2,,,,,,,,,
145,97南巷97,96801442,@欢喜 亲爱的室友小遥,2020-04-15 18:07:04,0,2,,,,,,,,,
146,婆娑96774,2956609996,闺蜜不是个喜欢玩游戏的人，但他们全宿舍都在玩一个游戏，所以他也开始玩游戏了，害怕和他们没共同的话题[捂脸],2020-04-15 18:04:44,2,0,,,,,,,,,
147,牛奶不加糖,2798213405,@三石同学,2020-04-15 18:03:37,3,0,,,,,,,,,
148,蓝丹糖果.,2356882045,@LL not LL,2020-04-15 18:02:45,2,1,,,,,,,,,
149,宸汐,2051002128,@Sean 好朋友呀～[偷笑],2020-04-15 17:58:47,1,2,,,,,,,,,
150,超越自己,2271300185,是的，说的太有道理的[赞],2020-04-15 17:30:56,0,0,,,,,,,,,
151,梦里兽,2968854230,"@无期、, @三寸旧城七寸执念",2020-04-15 17:22:11,0,0,,,,,,,,,
152,w~,378665002,让我开学我什么都可以接受,2020-04-15 17:06:35,0,0,,,,,,,,,
153,@光影,2314979829,Amber 姐姐好喜欢你啊[玫瑰],2020-04-15 16:43:04,0,0,,,,,,,,,
154,薄荷少女柠檬心,337030025,@贝壳女孩 幸好有你们，让我觉得自己值得被爱。,2020-04-15 16:40:00,0,1,,,,,,,,,
155,10.24。,1990347324,@西贝木子呀,2020-04-15 16:36:46,0,2,,,,,,,,,
156,小妖七七,1921324757,多想在大学的时候听到这些话，那样，我的大学时光会快乐很多吧,2020-04-15 16:32:33,5,0,,,,,,,,,
157,清歌留欢,116171968,我的朋友们跟我性格都不太一样，但也是很好的朋友，她们都是经过时间的流逝留下来陪我的友谊,2020-04-15 16:27:39,0,0,,,,,,,,,
158,平安幸福,276102271,@许小樱90,2020-04-15 16:08:01,0,0,,,,,,,,,
159,吴雩爱吃奶黄包,2304566942,@池魏* [泣不成声],2020-04-15 15:52:45,0,2,,,,,,,,,
160,,2938761412,你会发现 大学里面没有朋友的,2020-04-15 15:29:04,0,0,,,,,,,,,
161,下课了老师,1116370796,不能成为朋友，但是能成为儿子[机智][机智],2020-04-15 15:24:31,6,0,,,,,,,,,
162,用户1071161959131,2819981972,越长大，发现人越来越难相处了,2020-04-15 15:13:25,0,0,,,,,,,,,
163,痴人说梦,1127545535,@moon. @莹莹今天瘦了嘛 很奈斯嘛[捂脸][捂脸],2020-04-15 15:12:39,1,1,,,,,,,,,
164,★安颜★,1379954351,@[鼓掌][鼓掌][鼓掌][鼓掌][比心][比心][比心][比心][赞][抱拳],2020-04-15 15:10:42,0,0,,,,,,,,,
165,伊昕一意,120826449,@伊昕一念,2020-04-15 14:49:06,0,0,,,,,,,,,
166,生生95,2829455819,@两颗大葡萄 @德    佳佳 咱三同类,2020-04-15 14:37:26,1,3,,,,,,,,,
167,万紫千红91,1639412599,[鼓掌][鼓掌],2020-04-15 14:31:42,0,0,,,,,,,,,
168,96,266976848,@'70',2020-04-15 14:09:34,2,1,,,,,,,,,
169,花之郡主,19808793,没错,2020-04-15 13:56:40,0,0,,,,,,,,,
170,桐心未免鸭,1178117879,@难寻. [泣不成声],2020-04-15 13:48:26,1,0,,,,,,,,,
171,,2837427718,@予画,2020-04-15 13:25:08,0,4,,,,,,,,,
172,是F,84784326,。,2020-04-15 13:23:00,0,0,,,,,,,,,
173,爱吃甜甜圈,855843179,@w,2020-04-15 13:18:16,0,1,,,,,,,,,
174,而已集,2840718918,@爱笑爱战 希望有用[呲牙],2020-04-15 12:51:50,0,0,,,,,,,,,
175,73灿若繁星75,838456320,@alive嘉伦 [嘿哈],2020-04-15 12:32:07,2,1,,,,,,,,,
176,新辞94,1247681730,大家都对林杨和余周周怀着羡慕。却很少有人对书里友情印象深刻。,2020-04-15 11:57:06,3,0,,,,,,,,,
177,鲸初七,871517512,挤不进去的圈子无需硬挤,2020-04-15 11:51:18,2,0,,,,,,,,,
178,安颜雅,351885778,[鼓掌],2020-04-15 11:40:11,2,0,,,,,,,,,
179,易燃易炸，,882634078,@小猫咪38,2020-04-15 11:17:07,1,0,,,,,,,,,
180,凯凯,2199578821,大学室友[微笑] 男生无间道 女生甄执 上下铺两年的兄弟 为了一个小公司实习机会 整的头破血流 兄弟反目 一个在公司实习 一个去南方打拼,2020-04-15 10:53:25,1,2,,,,,,,,,
181,橙汁儿,970190269,@Devil~ @Lemon° 同样材质的小石头,2020-04-15 10:44:38,0,4,,,,,,,,,
182,小枫子,2114910798,喧嚣世界里的一片净土,2020-04-15 10:37:17,0,0,,,,,,,,,
183,卑微小张,792358196,道不同不相为谋[一起加油],2020-04-15 10:35:10,0,0,,,,,,,,,
184,なぞ94,858526276,当第几次无理取闹地集征伐之后，突然发现那句“一个人对你有意见可能是两人吵架，一群人对你有意见可能真的要反思一下”说的也不对，只是有些人选择事不关己高高挂起，又或者会闹会哭的小孩才有糖吃,2020-04-15 10:28:49,4,0,,,,,,,,,
185,宸,124443419,@沉默。 物以类聚[微笑],2020-04-15 10:14:18,0,0,,,,,,,,,
186,白衣苍狗,1139202226,八月长安，你也常安,2020-04-15 10:14:08,5,0,,,,,,,,,
187,Eva,1446883304,下一个视频讲《全世界最好的你》吧！求求你了[捂脸][捂脸],2020-04-15 10:05:25,1,0,,,,,,,,,
188,潇洒哈哈,1112214247,[玫瑰][玫瑰][玫瑰],2020-04-15 09:58:10,0,0,,,,,,,,,
189,Mini靡幂,572910707,嗯！这段时间一直为这个所困扰[捂脸],2020-04-15 09:57:55,1,0,,,,,,,,,
190,山远天高烟水寒,1059560011,@陈一鸣的老婆,2020-04-15 09:57:10,1,0,,,,,,,,,
191,韩韩敏敏.,2802250896,@长大拯救世界,2020-04-15 09:52:38,1,0,,,,,,,,,
192,玖月78女孩,1285625096,@白玉,2020-04-15 09:47:44,0,0,,,,,,,,,
193,梦回前世,2937106578,[比心][比心][比心][比心][比心][比心],2020-04-15 09:47:42,0,0,,,,,,,,,
194,音为爱你,1051795565,想了好久，怕我认识的人看见，虽然可能性不大。但是我还要说，姐姐说的对，我懂了,2020-04-15 09:44:18,1,0,,,,,,,,,
195,S . 张天 *,145137691,是振华三部曲的那个『你好，旧时光』吗？,2020-04-15 09:37:51,0,1,,,,,,,,,
196,眉眼是你,3470065693,咱俩性格不一样，为啥就堆一起了呢[翻白眼]@山河故里,2020-04-15 09:20:23,0,2,,,,,,,,,
197,Alice95,149451399,我的室友超级好的！！！而且大家的性格都很好[小鼓掌][小鼓掌],2020-04-15 09:15:32,1,0,,,,,,,,,
198,十一,383880360,我们是同样材质的闺蜜[呲牙]@王卿娜 _,2020-04-15 09:14:41,0,0,,,,,,,,,
199,九,60909205,@79xie忧.,2020-04-15 09:11:22,2,0,,,,,,,,,
200,晴空女孩73,2892909944,@星星落入凡间..,2020-04-15 09:10:06,1,1,,,,,,,,,
201,liwenbo,4438326,同样材质的小石头[微笑袋鼠]@烂泥小姐03,2020-04-15 09:06:10,1,1,,,,,,,,,
202,抖音极速版用户，,1140221613,加油,2020-04-15 09:03:42,2,0,,,,,,,,,
203,无畏的西瓜91,2122295953,@不够努力,2020-04-15 08:51:16,0,0,,,,,,,,,
204,め那些ηǐáη,980230868,[送心][赞],2020-04-15 08:48:21,0,0,,,,,,,,,
205,伯克利呀,1841823073,@小战多吃点儿 @哎呦喂 世界这么大[呲牙],2020-04-15 08:41:56,1,2,,,,,,,,,
206,你衔花送月到渡口,616723071,选择性当朋友,2020-04-15 08:09:56,0,0,,,,,,,,,
207,做一个有温度的硕士生,2369300734,朋友该如何定义呢,2020-04-15 08:09:51,1,0,,,,,,,,,
208,line,1847285011,这样分情况吧，有性格相和的真的可以成为朋友，虽然我没有，但是我见过，真的不是塑料姐妹的那种，关系三观都特别和,2020-04-15 07:59:56,2,0,,,,,,,,,
209,Rusell,953241540,好喜欢你啊，你给我一种岁月静好的感觉，很有气质,2020-04-15 07:57:32,1,0,,,,,,,,,
210,酱子92,39181681,@大大～ 大学室友还可以当闺蜜,2020-04-15 07:45:46,0,1,,,,,,,,,
211,用户＾3＾E320823216394,2307648884,漂亮姐姐，好喜欢你吖[玫瑰],2020-04-15 07:44:38,0,0,,,,,,,,,
212,玺博,46315130,@颜知不知 说的太棒了[泣不成声],2020-04-15 07:42:05,1,0,,,,,,,,,
213,玄素,3553628172,说到心里了[思考][给力][V5],2020-04-15 07:38:18,0,0,,,,,,,,,
214,梦境微凉,2802793340,嗯嗯,2020-04-15 07:20:42,0,0,,,,,,,,,
215,999097980506,3538407775,@99,2020-04-15 07:18:39,5,0,,,,,,,,,
216,T尔。,189094424,旧时光真的是心中的白月光。[泣不成声],2020-04-15 07:14:45,1,0,,,,,,,,,
217,长眠深海的鱼人,2980471088,谁能给我解释一下彩虹群体是什么啊，[捂脸][捂脸][捂脸],2020-04-15 07:06:24,0,0,,,,,,,,,
218,那个人叫大发,184474159,所以，我早已经把所有的真心都给收回了,2020-04-15 06:57:18,0,0,,,,,,,,,
219,同素异形体,142458491,谢谢你,2020-04-15 06:57:17,0,0,,,,,,,,,
220,Precipitation,382371415,不能 室友只是按顺序安排的 并不是真正的三观统一的人,2020-04-15 06:46:43,0,0,,,,,,,,,
221,治愈电台安慕曦,3624358343,我也想与他们做朋友 可是我不打王者,2020-04-15 06:40:13,1,0,,,,,,,,,
222,小荣女,3608172070,你好,2020-04-15 06:30:57,0,0,,,,,,,,,
223,伏羲女娲图,2847092186,不能，要么是对手，要么是情敌,2020-04-15 02:49:14,1,0,,,,,,,,,
224,泽泽啧,45161058,@mayoi 推荐收听她[泣不成声]我超喜欢,2020-04-15 02:39:34,0,0,,,,,,,,,
225,幻梦,711651360,唉，虽然我自己也这么认为，也让自己这么想。但是真的挺讨厌孤独的。,2020-04-15 02:22:39,0,0,,,,,,,,,
226,MT,134200205,晚安,2020-04-15 02:13:01,0,0,,,,,,,,,
227,黑夜问白天,951495701,何必在自己不喜欢的人身上浪费时间，室友处不来还有班里其他同学，班里其他同学处不来还有别的班的，这你也找不出一个能好好相处的，多想想自己的问题吧[微笑],2020-04-15 01:40:45,1,0,,,,,,,,,
228,e,2297794257,朋友不求多，知己一两足已,2020-04-15 01:34:50,1,0,,,,,,,,,
229,难度安,825727031,同学就是同学，没法深交成朋友，高中根本没交到朋友,2020-04-15 01:34:28,2,0,,,,,,,,,
230,姜老全,115740260,@小夏夏,2020-04-15 01:31:00,0,0,,,,,,,,,
231,用户3254374632183,2946887234,[666],2020-04-15 01:11:51,3,0,,,,,,,,,
232,小鱼村 添,81960612,每晚都要听你讲课 才会睡。晚安,2020-04-15 01:07:52,0,0,,,,,,,,,
233,洋咩咩的迷妹,336740748,晚安！,2020-04-15 01:06:47,0,0,,,,,,,,,
234,静芳伊人,277606099,还没开学呢 不能形容心情如何[泪奔],2020-04-15 01:05:10,0,0,,,,,,,,,
235,FANG,169269334,大学真没油,2020-04-15 01:03:36,0,0,,,,,,,,,
236,月寒的晴砸,1130752209,[捂脸][捂脸],2020-04-15 00:59:36,0,0,,,,,,,,,
237,深蓝,1697446438,年年有余而周周有余,2020-04-15 00:56:56,1,0,,,,,,,,,
238,froth92,1306216377,可以,2020-04-15 00:52:13,0,0,,,,,,,,,
239,Soso凯莉,82721767,@宝藏女孩W @熊猫。 @9673737373玉兔91 同事是随机分配得，朋友是精挑细选的,2020-04-15 00:46:22,0,0,,,,,,,,,
240,锦瑟,2329623495,在一个班级里，感觉我好“另类”不一样，哎，怎么办[流泪],2020-04-15 00:38:58,2,1,,,,,,,,,
241,大壳粉,1272117470,学到了,2020-04-15 00:29:37,0,0,,,,,,,,,
242,春风淳如酒,2808365855,只能说有可能[微笑][微笑][微笑]，男生寝室也一样,2020-04-15 00:28:22,0,0,,,,,,,,,
243,热AI,2351098479,毕竟世界这么大,2020-04-15 00:25:00,1,0,,,,,,,,,
244,可口鸭,903928938,真的融不进去就不要融，别因为她们梳理你，你觉得孤单而去刻意讨好，这样受伤的只会是自己,2020-04-15 00:18:30,3,0,,,,,,,,,
245,小安琪91,1530046332,我也是，每次说话，都没有回应[泣不成声][泣不成声],2020-04-15 00:16:03,2,0,,,,,,,,,
246,,95107413,@只想为你发光73 我们寝室就是这样子[微笑],2020-04-15 00:13:57,1,7,,,,,,,,,
247,beauty,291655623,@妹妹 你也是我精挑细选的哈哈哈哈,2020-04-15 00:09:07,0,0,,,,,,,,,
248,ぃ火星êぅ,2328528518,@屁屁78柒78 @故筱尘 我们就是同样材质的石头，石头，你们好[憨笑],2020-04-15 00:05:27,0,2,,,,,,,,,
249,沫姑娘,2258139685,我今天刚好想起这段话，没想到现在就听到你的分享了。所以，物以类聚人以群分。,2020-04-15 00:05:20,0,0,,,,,,,,,
250,董咚洞,2823349281,@李戈,2020-04-15 00:01:46,0,0,,,,,,,,,
251,CZ,150697182,@Rebecca050505,2020-04-15 00:00:07,0,2,,,,,,,,,
252,枳.,2367888020,@辞. 你，就是我精挑细选的,2020-04-14 23:59:39,1,2,,,,,,,,,
253,是彭彭耶,353170506,晚安[送心],2020-04-14 23:59:30,0,0,,,,,,,,,
254,成都,77203196,@79一安,2020-04-14 23:58:25,0,1,,,,,,,,,
255,Rebirth_YS,4582918,同类,2020-04-14 23:56:11,0,0,,,,,,,,,
256,QQ糖,180762343,09,2020-04-14 23:54:54,0,0,,,,,,,,,
257,野鹤,2836157258,@绮里9415 看后半段,2020-04-14 23:51:21,1,0,,,,,,,,,
258,雪莲,2185766109,对的对的，时间那么大，为什么要把自己关在寝室里，外面的世界真的很美好,2020-04-14 23:51:07,2,0,,,,,,,,,
259,白糖,2076367170,你好旧时光，林杨余周周[飞吻],2020-04-14 23:50:24,9,0,,,,,,,,,
260,小赵赵78,2310900955,当然可以，我想说我遇到了好室友无可代替的,2020-04-14 23:47:51,2,0,,,,,,,,,
261,林深时见鹿丶,1557443382,晚安,2020-04-14 23:46:37,0,0,,,,,,,,,
262,鳖鳖大神。,1628368027,林杨,2020-04-14 23:43:13,2,0,,,,,,,,,
263,海绵宝宝派大星1314,707855969,@橘猫追着鸵鸟跑 完了，怕我是和你一样沙雕的小石头了,2020-04-14 23:42:42,0,1,,,,,,,,,
264,无边,2948943358,姐姐，我觉得你说得每个视频都说得很好[赞],2020-04-14 23:38:57,0,0,,,,,,,,,
265,双鱼男,838010449,同学和同事没得选，朋友是有的选择的。,2020-04-14 23:36:08,0,0,,,,,,,,,
266,LAA-LAA,2358306975,是的，三观是否一样真的很重要,2020-04-14 23:34:44,1,0,,,,,,,,,
267,94j78u78l78i78a9392,2797281747,愿每个人都能遇到那个，知道你的缺点和不足，依然不会离你而去[比心],2020-04-14 23:30:53,0,0,,,,,,,,,
268,舟,1192499264,我是习惯了和她们说话没有回应,2020-04-14 23:29:19,1,0,,,,,,,,,
269,皖璃童,2363988678,好有道理[强][强],2020-04-14 23:28:27,1,0,,,,,,,,,
270,是仙女啊～,246108933,@婷哥98 @四月 @辛星星的辛 @嗯哼 @傻傻08傻瓜 说明我们有多么幸运97,2020-04-14 23:22:19,2,2,,,,,,,,,
271,Loyal1996,3554902284,道不同不相为谋，看着别人脸色才能成为的朋友和爱情里的舔狗有什么区别，朋友这东西和爱人一样，宁缺毋滥，一辈子好几十年没必要为了这所谓的四年的友谊委屈自己,2020-04-14 23:17:04,2,0,,,,,,,,,
272,☆樱花草☆。。。,614000207,真的有些失望了,2020-04-14 23:16:37,2,0,,,,,,,,,
273,沐光,2363882532,@流浪,2020-04-14 23:12:07,0,0,,,,,,,,,
274,沐光,2363882532,@裕宝,2020-04-14 23:11:58,0,0,,,,,,,,,
275,沐光,2363882532,@阿离 @氤氲7878 小石头们,2020-04-14 23:10:42,1,1,,,,,,,,,
276,世界顶级宠儿,3068391645,@鹿安安04,2020-04-14 23:10:17,0,0,,,,,,,,,
277,世界顶级宠儿,3068391645,@Weirdo,2020-04-14 23:10:13,0,1,,,,,,,,,
278,自带幸运色的仙女,84431829,@长腿叔叔 女人,2020-04-14 23:09:01,1,3,,,,,,,,,
279,小滕官宣女友,583441757,这就是一直困扰我的问题，豁然开朗？哈哈哈哈,2020-04-14 23:06:46,0,0,,,,,,,,,
280,ekowen,2332469628,晚安,2020-04-14 23:06:16,1,0,,,,,,,,,
281,尘梦,1176093175,只要你这个石头够大，什么东西都给你拦下,2020-04-14 23:05:44,0,0,,,,,,,,,
282,花忆,1658934824,说的很对，如果太在意别人的眼光，就会迷失自己,2020-04-14 23:03:01,0,0,,,,,,,,,
283,Xz泽漆1991（唯粉）,2364306261,晚安[爱心],2020-04-14 23:01:27,0,0,,,,,,,,,
284,清行,2808846876,我真是太幸运了遇到你们@Sq @与昨 @顾灼 爱你们,2020-04-14 22:58:52,1,1,,,,,,,,,
285,BJTLX,956503586,所以很幸运在宿舍遇到了一个志同道合的朋友[泣不成声][泣不成声]@missing,2020-04-14 22:57:24,0,2,,,,,,,,,
286,墨宇,1201811889,@野然 @沙了个雕,2020-04-14 22:55:38,0,2,,,,,,,,,
287,t☆r森♂№※,2315715497,你的睡前故事真好，好喜欢你的声音[送心][送心][送心][玫瑰][玫瑰],2020-04-14 22:54:22,0,0,,,,,,,,,
288,疯人愿,2849458007,有些人可以无忧无虑地交往，但大多数人是有利益关系才会和你往来的，要带点防人的心,2020-04-14 22:51:47,1,1,,,,,,,,,
289,让我婧婧,777085507,并不是所有相处的人，都能称之为朋友[泣不成声],2020-04-14 22:49:13,1,0,,,,,,,,,
290,糕儿.,3500415565,晚安,2020-04-14 22:46:46,0,0,,,,,,,,,
291,贰贰的7,2807766962,晚安,2020-04-14 22:45:38,0,0,,,,,,,,,
292,qn,618159006,同类的标准有很多，不同类的标准也有很多,2020-04-14 22:42:55,0,0,,,,,,,,,
293,五姨家大少爷,206048625,其实“朋友”是很贵的，有的时候就连家人就不是朋友，更何况舍友喽[微笑],2020-04-14 22:42:22,0,0,,,,,,,,,
294,落奕,380644560,振华中学三部曲，超爱,2020-04-14 22:42:18,3,0,,,,,,,,,
295,易小爷吖,893404478,就像大张伟老师说的那样，挤不进的世界不要硬挤，难为了别人伤害了自己。,2020-04-14 22:39:00,0,0,,,,,,,,,
296,呼噜呼噜呼,1207402891,给一个朋友借了钱说下月还，一年后微信不回复，电话还拉黑……自己精挑细选的朋友，自己来承受！,2020-04-14 22:38:08,0,0,,,,,,,,,
297,bmzg,602456116,@94 想不想我们的寝室,2020-04-14 22:37:48,0,1,,,,,,,,,
298,刘老师呀,2938836361,在网易云有电台吗？,2020-04-14 22:36:27,0,0,,,,,,,,,
299,有何不可,2964810705,[情书],2020-04-14 22:33:06,2,0,,,,,,,,,
300,星辰78,58712266,怀念高考的那个夏天，在忙碌的备考中，偷偷在办公室一起庆祝生日，抱着生日蛋糕，许生日愿望[捂脸],2020-04-14 22:31:58,3,0,,,,,,,,,
301,Bla,955199900,[玫瑰],2020-04-14 22:26:07,0,0,,,,,,,,,
302,范范呀,281927081,晚安[玫瑰],2020-04-14 22:22:21,0,0,,,,,,,,,
303,Ibrown・Vass,1345441296,@美丽的艾米娜呀,2020-04-14 22:17:49,0,1,,,,,,,,,
304,啦啦啦欧尼,847587788,不要总是想着去努力融入别人，或者团队。做自己，保持善良，慢慢的就好了。,2020-04-14 22:05:49,1,0,,,,,,,,,
305,我会听话,1896614090,好怀念那时候的时光，第一次在学校过生日，舍友们偷偷的下了早自习，推开宿舍门的那一刻………一辈子都忘不掉[快哭了],2020-04-14 22:05:33,9,0,,,,,,,,,
306,往后余生,1841132822,[赞],2020-04-14 21:46:19,0,0,,,,,,,,,
307,薄月1,117491472,我也是这种情况，真的很难受，但好像人家都习惯那种方式，我就觉得是不是自己太敏感了,2020-04-14 21:44:20,8,0,,,,,,,,,
308,玺欢,2324249927,好久不更了[看],2020-04-14 21:40:29,1,0,,,,,,,,,
309,紫苏,3420243529,都不让[捂脸]下载,2020-04-14 21:35:43,0,0,,,,,,,,,
310,木子,266563628,@猪啦啦 @陈情ˇ 大学室友能成为好朋友吗,2020-04-14 21:33:51,0,7,,,,,,,,,
311,云生.,3631622443,姐姐你好好看[泣不成声],2020-04-14 21:31:06,2,0,,,,,,,,,
312,星韵月清,3576508890,我就慢慢地听你的视频，改变自己的三观[呲牙],2020-04-14 21:31:05,1,0,,,,,,,,,
313,草莓呀97,171577408,曾经的我也是这样，特别在意其他小的感受，总想着让别人喜欢我，再加上我很自卑，也不敢有太多话,2020-04-14 21:30:22,3,1,,,,,,,,,
314,水中明月,778401504,别人说高中同学是最真挚的朋友，你同意吗,2020-04-14 21:29:41,0,5,,,,,,,,,
315,是天现宝宝!,57709740,@血羽凝,2020-04-14 21:29:41,0,2,,,,,,,,,
316,路一航,852064092,人与人在一起久了，自然而然会产生间隙。这就是我们修仙人说的规则[看],2020-04-14 21:26:20,1,0,,,,,,,,,
317,时辰,577990137,我曾经以为身边的室友可以是好朋友，但我发现她一起笑成傻子的人不再是我之后我就发现一切都是我的一厢情愿,2020-04-14 21:23:27,1,0,,,,,,,,,
318,你家丫头,3040228657,室友也只是室友而已,2020-04-14 21:20:40,8,3,,,,,,,,,
319,莫莫,81432581,千金易得，知音难求。,2020-04-14 21:17:20,1,0,,,,,,,,,
320,@夏末93,290185627,但有很多人想要跟你成为朋友才想要变成你的同类,2020-04-14 21:14:08,1,0,,,,,,,,,
321,满天星82满眼都是吴磊9191,369980818,能做朋友就做朋友，如果不能，那就做同学！[微笑],2020-04-14 21:12:07,1,0,,,,,,,,,
322,Serendipity,343773989,@超棒的 我们要做自己,2020-04-14 21:11:59,0,0,,,,,,,,,
323,掌阅读书（周四20点直播）,2322460889,要等一位真正的好朋友[送心],2020-04-14 21:10:56,177,3,,,,,,,,,
324,往昔,2107759531,可以,2020-04-14 21:10:32,0,0,,,,,,,,,
325,想读懂你,1336730799,[比心],2020-04-14 21:10:18,0,0,,,,,,,,,
326,不知名运营,351530979,[一起加油][一起加油][一起加油][一起加油][一起加油][一起加油][一起加油][一起加油][一起加油][一起加油],2020-04-14 21:08:21,0,0,,,,,,,,,
327,九2228尘22282228,969018097,咯,2020-04-14 21:07:05,0,0,,,,,,,,,
328,你是人间四月天,2800680425,很喜欢你，你的声音让我觉得很温暖！[微笑][微笑],2020-04-14 21:06:03,0,0,,,,,,,,,
329,喜上眉梢,3562095043,我希望大学生活可以过的开心一点,2020-04-14 21:04:08,0,0,,,,,,,,,
330,半块面包92,2192073017,我真的每次等你的视频，因为好想听一句“晚安”。[流泪][流泪],2020-04-14 21:03:47,81,4,,,,,,,,,
331,大艺术家阿明,3431290064,道不同不相为谋，每个人都有自己的圈子，即使有交集，也仅仅是一点点交集。,2020-04-14 21:03:38,0,0,,,,,,,,,
332,心酸78像酒,1558985171,你好，旧时光。,2020-04-14 21:03:20,0,0,,,,,,,,,
333,99甜,79871215,听起来像我一个朋友哒经历[绝望的凝视][绝望的凝视][绝望的凝视],2020-04-14 21:01:59,0,0,,,,,,,,,
334,Eyshine的阅读时光,1477425184,同事，室友都不一定能成为朋友。,2020-04-14 21:01:06,0,0,,,,,,,,,
335,固执啊小草,2813024631,大学里换了三次寝室，基本上每个寝室都有几个朋友的,2020-04-14 20:59:43,0,0,,,,,,,,,
336,0725号宇航员,2842253481,@小白沁叶,2020-04-14 20:59:11,0,0,,,,,,,,,
337,南筝,2964836153,室友就是室友，不是朋友。大学四年我都是一个人吃饭 上课，可能别人看起来很孤独，自己觉得舒适就好[呲牙],2020-04-14 20:58:49,1,0,,,,,,,,,
338,十二月,2848541448,现在的我也面临这种情况，我想真的要学会“一个人”了，或许长大的必须课之一就是独立吧,2020-04-14 20:58:20,0,0,,,,,,,,,
339,小杜最快乐,1832133946,温柔一定要给对的人啊,2020-04-14 20:56:42,1,0,,,,,,,,,
340,玖殿下,1789446051,朋友是在一起时能让你做回真正的自己的人,2020-04-14 20:56:30,2,0,,,,,,,,,
341,十顾,97681842,每天都有听,2020-04-14 20:56:27,2,0,,,,,,,,,
342,陌生人,392536209,太容易相信人，也是容易受伤,2020-04-14 20:56:22,3,0,,,,,,,,,
343,可可爱爱,1830361155,1616可以多出去走走，当你感到很孤独的时候，你就想象一下，在宇宙那么浩瀚的星空中，有行星在默默地旋转，有恒星在孤独地发光。每个人最终都会单独上路，没有人能陪你一辈子。16,2020-04-14 20:56:11,5,0,,,,,,,,,
344,慕容公子,1379325373,与其迎合他人，不如真心找到一个可以和你作为好朋友的人,2020-04-14 20:54:33,1,0,,,,,,,,,
345,路人甲,1031383969,道不同不相为谋,2020-04-14 20:53:59,0,0,,,,,,,,,
346,9999馨,337641496,能有朋友是件好事，没有就面子活的去吧,2020-04-14 20:53:58,0,0,,,,,,,,,
347,用户8844393568159,2320190112,哇哦，我关注你好久了，好喜欢好喜欢你呢。每天睡之前都要听你的更新，加油加油！[玫瑰]晚安,2020-04-14 20:53:03,24,1,,,,,,,,,
348,简单快乐,346010868,第一[灵机一动],2020-04-14 20:51:57,4,1,,,,,,,,,
